variant_id,params,collision_found
0,"{""id"": 0, ""speed_factor"": 0.5, ""lateral_offset"": -15, ""heading_offset"": -1.5}",FALSE
1,"{""id"": 1, ""speed_factor"": 0.5, ""lateral_offset"": -15, ""heading_offset"": -0.8}",FALSE
2,"{""id"": 2, ""speed_factor"": 0.5, ""lateral_offset"": -15, ""heading_offset"": 0}",FALSE
3,"{""id"": 3, ""speed_factor"": 0.5, ""lateral_offset"": -15, ""heading_offset"": 0.8}",FALSE
4,"{""id"": 4, ""speed_factor"": 0.5, ""lateral_offset"": -15, ""heading_offset"": 1.5}",FALSE
5,"{""id"": 5, ""speed_factor"": 0.5, ""lateral_offset"": -10, ""heading_offset"": -1.5}",FALSE
6,"{""id"": 6, ""speed_factor"": 0.5, ""lateral_offset"": -10, ""heading_offset"": -0.8}",FALSE
7,"{""id"": 7, ""speed_factor"": 0.5, ""lateral_offset"": -10, ""heading_offset"": 0}",FALSE
8,"{""id"": 8, ""speed_factor"": 0.5, ""lateral_offset"": -10, ""heading_offset"": 0.8}",FALSE
9,"{""id"": 9, ""speed_factor"": 0.5, ""lateral_offset"": -10, ""heading_offset"": 1.5}",FALSE
10,"{""id"": 10, ""speed_factor"": 0.5, ""lateral_offset"": -5, ""heading_offset"": -1.5}",FALSE
11,"{""id"": 11, ""speed_factor"": 0.5, ""lateral_offset"": -5, ""heading_offset"": -0.8}",FALSE
12,"{""id"": 12, ""speed_factor"": 0.5, ""lateral_offset"": -5, ""heading_offset"": 0}",FALSE
13,"{""id"": 13, ""speed_factor"": 0.5, ""lateral_offset"": -5, ""heading_offset"": 0.8}",FALSE
14,"{""id"": 14, ""speed_factor"": 0.5, ""lateral_offset"": -5, ""heading_offset"": 1.5}",FALSE
15,"{""id"": 15, ""speed_factor"": 0.5, ""lateral_offset"": 0, ""heading_offset"": -1.5}",FALSE
16,"{""id"": 16, ""speed_factor"": 0.5, ""lateral_offset"": 0, ""heading_offset"": -0.8}",FALSE
17,"{""id"": 17, ""speed_factor"": 0.5, ""lateral_offset"": 0, ""heading_offset"": 0}",FALSE
18,"{""id"": 18, ""speed_factor"": 0.5, ""lateral_offset"": 0, ""heading_offset"": 0.8}",FALSE
19,"{""id"": 19, ""speed_factor"": 0.5, ""lateral_offset"": 0, ""heading_offset"": 1.5}",FALSE
20,"{""id"": 20, ""speed_factor"": 0.5, ""lateral_offset"": 5, ""heading_offset"": -1.5}",FALSE
21,"{""id"": 21, ""speed_factor"": 0.5, ""lateral_offset"": 5, ""heading_offset"": -0.8}",FALSE
22,"{""id"": 22, ""speed_factor"": 0.5, ""lateral_offset"": 5, ""heading_offset"": 0}",FALSE
23,"{""id"": 23, ""speed_factor"": 0.5, ""lateral_offset"": 5, ""heading_offset"": 0.8}",FALSE
24,"{""id"": 24, ""speed_factor"": 0.5, ""lateral_offset"": 5, ""heading_offset"": 1.5}",FALSE
25,"{""id"": 25, ""speed_factor"": 0.5, ""lateral_offset"": 10, ""heading_offset"": -1.5}",FALSE
26,"{""id"": 26, ""speed_factor"": 0.5, ""lateral_offset"": 10, ""heading_offset"": -0.8}",FALSE
27,"{""id"": 27, ""speed_factor"": 0.5, ""lateral_offset"": 10, ""heading_offset"": 0}",FALSE
28,"{""id"": 28, ""speed_factor"": 0.5, ""lateral_offset"": 10, ""heading_offset"": 0.8}",FALSE
29,"{""id"": 29, ""speed_factor"": 0.5, ""lateral_offset"": 10, ""heading_offset"": 1.5}",FALSE
30,"{""id"": 30, ""speed_factor"": 0.5, ""lateral_offset"": 15, ""heading_offset"": -1.5}",FALSE
31,"{""id"": 31, ""speed_factor"": 0.5, ""lateral_offset"": 15, ""heading_offset"": -0.8}",FALSE
32,"{""id"": 32, ""speed_factor"": 0.5, ""lateral_offset"": 15, ""heading_offset"": 0}",FALSE
33,"{""id"": 33, ""speed_factor"": 0.5, ""lateral_offset"": 15, ""heading_offset"": 0.8}",FALSE
34,"{""id"": 34, ""speed_factor"": 0.5, ""lateral_offset"": 15, ""heading_offset"": 1.5}",FALSE
35,"{""id"": 35, ""speed_factor"": 1.0, ""lateral_offset"": -15, ""heading_offset"": -1.5}",FALSE
36,"{""id"": 36, ""speed_factor"": 1.0, ""lateral_offset"": -15, ""heading_offset"": -0.8}",FALSE
37,"{""id"": 37, ""speed_factor"": 1.0, ""lateral_offset"": -15, ""heading_offset"": 0}",FALSE
38,"{""id"": 38, ""speed_factor"": 1.0, ""lateral_offset"": -15, ""heading_offset"": 0.8}",FALSE
39,"{""id"": 39, ""speed_factor"": 1.0, ""lateral_offset"": -15, ""heading_offset"": 1.5}",FALSE
40,"{""id"": 40, ""speed_factor"": 1.0, ""lateral_offset"": -10, ""heading_offset"": -1.5}",FALSE
41,"{""id"": 41, ""speed_factor"": 1.0, ""lateral_offset"": -10, ""heading_offset"": -0.8}",FALSE
42,"{""id"": 42, ""speed_factor"": 1.0, ""lateral_offset"": -10, ""heading_offset"": 0}",FALSE
43,"{""id"": 43, ""speed_factor"": 1.0, ""lateral_offset"": -10, ""heading_offset"": 0.8}",FALSE
44,"{""id"": 44, ""speed_factor"": 1.0, ""lateral_offset"": -10, ""heading_offset"": 1.5}",FALSE
45,"{""id"": 45, ""speed_factor"": 1.0, ""lateral_offset"": -5, ""heading_offset"": -1.5}",FALSE
46,"{""id"": 46, ""speed_factor"": 1.0, ""lateral_offset"": -5, ""heading_offset"": -0.8}",FALSE
47,"{""id"": 47, ""speed_factor"": 1.0, ""lateral_offset"": -5, ""heading_offset"": 0}",FALSE
48,"{""id"": 48, ""speed_factor"": 1.0, ""lateral_offset"": -5, ""heading_offset"": 0.8}",FALSE
49,"{""id"": 49, ""speed_factor"": 1.0, ""lateral_offset"": -5, ""heading_offset"": 1.5}",FALSE
50,"{""id"": 50, ""speed_factor"": 1.0, ""lateral_offset"": 0, ""heading_offset"": -1.5}",FALSE
51,"{""id"": 51, ""speed_factor"": 1.0, ""lateral_offset"": 0, ""heading_offset"": -0.8}",FALSE
52,"{""id"": 52, ""speed_factor"": 1.0, ""lateral_offset"": 0, ""heading_offset"": 0}",FALSE
53,"{""id"": 53, ""speed_factor"": 1.0, ""lateral_offset"": 0, ""heading_offset"": 0.8}",FALSE
54,"{""id"": 54, ""speed_factor"": 1.0, ""lateral_offset"": 0, ""heading_offset"": 1.5}",FALSE
55,"{""id"": 55, ""speed_factor"": 1.0, ""lateral_offset"": 5, ""heading_offset"": -1.5}",FALSE
56,"{""id"": 56, ""speed_factor"": 1.0, ""lateral_offset"": 5, ""heading_offset"": -0.8}",FALSE
57,"{""id"": 57, ""speed_factor"": 1.0, ""lateral_offset"": 5, ""heading_offset"": 0}",FALSE
58,"{""id"": 58, ""speed_factor"": 1.0, ""lateral_offset"": 5, ""heading_offset"": 0.8}",FALSE
59,"{""id"": 59, ""speed_factor"": 1.0, ""lateral_offset"": 5, ""heading_offset"": 1.5}",FALSE
60,"{""id"": 60, ""speed_factor"": 1.0, ""lateral_offset"": 10, ""heading_offset"": -1.5}",FALSE
61,"{""id"": 61, ""speed_factor"": 1.0, ""lateral_offset"": 10, ""heading_offset"": -0.8}",FALSE
62,"{""id"": 62, ""speed_factor"": 1.0, ""lateral_offset"": 10, ""heading_offset"": 0}",FALSE
63,"{""id"": 63, ""speed_factor"": 1.0, ""lateral_offset"": 10, ""heading_offset"": 0.8}",FALSE
64,"{""id"": 64, ""speed_factor"": 1.0, ""lateral_offset"": 10, ""heading_offset"": 1.5}",FALSE
65,"{""id"": 65, ""speed_factor"": 1.0, ""lateral_offset"": 15, ""heading_offset"": -1.5}",FALSE
66,"{""id"": 66, ""speed_factor"": 1.0, ""lateral_offset"": 15, ""heading_offset"": -0.8}",FALSE
67,"{""id"": 67, ""speed_factor"": 1.0, ""lateral_offset"": 15, ""heading_offset"": 0}",FALSE
68,"{""id"": 68, ""speed_factor"": 1.0, ""lateral_offset"": 15, ""heading_offset"": 0.8}",FALSE
69,"{""id"": 69, ""speed_factor"": 1.0, ""lateral_offset"": 15, ""heading_offset"": 1.5}",FALSE
70,"{""id"": 70, ""speed_factor"": 1.5, ""lateral_offset"": -15, ""heading_offset"": -1.5}",FALSE
71,"{""id"": 71, ""speed_factor"": 1.5, ""lateral_offset"": -15, ""heading_offset"": -0.8}",FALSE
72,"{""id"": 72, ""speed_factor"": 1.5, ""lateral_offset"": -15, ""heading_offset"": 0}",FALSE
73,"{""id"": 73, ""speed_factor"": 1.5, ""lateral_offset"": -15, ""heading_offset"": 0.8}",FALSE
74,"{""id"": 74, ""speed_factor"": 1.5, ""lateral_offset"": -15, ""heading_offset"": 1.5}",FALSE
75,"{""id"": 75, ""speed_factor"": 1.5, ""lateral_offset"": -10, ""heading_offset"": -1.5}",FALSE
76,"{""id"": 76, ""speed_factor"": 1.5, ""lateral_offset"": -10, ""heading_offset"": -0.8}",FALSE
77,"{""id"": 77, ""speed_factor"": 1.5, ""lateral_offset"": -10, ""heading_offset"": 0}",FALSE
78,"{""id"": 78, ""speed_factor"": 1.5, ""lateral_offset"": -10, ""heading_offset"": 0.8}",FALSE
79,"{""id"": 79, ""speed_factor"": 1.5, ""lateral_offset"": -10, ""heading_offset"": 1.5}",FALSE
80,"{""id"": 80, ""speed_factor"": 1.5, ""lateral_offset"": -5, ""heading_offset"": -1.5}",FALSE
81,"{""id"": 81, ""speed_factor"": 1.5, ""lateral_offset"": -5, ""heading_offset"": -0.8}",FALSE
82,"{""id"": 82, ""speed_factor"": 1.5, ""lateral_offset"": -5, ""heading_offset"": 0}",FALSE
83,"{""id"": 83, ""speed_factor"": 1.5, ""lateral_offset"": -5, ""heading_offset"": 0.8}",FALSE
84,"{""id"": 84, ""speed_factor"": 1.5, ""lateral_offset"": -5, ""heading_offset"": 1.5}",FALSE
85,"{""id"": 85, ""speed_factor"": 1.5, ""lateral_offset"": 0, ""heading_offset"": -1.5}",FALSE
86,"{""id"": 86, ""speed_factor"": 1.5, ""lateral_offset"": 0, ""heading_offset"": -0.8}",FALSE
87,"{""id"": 87, ""speed_factor"": 1.5, ""lateral_offset"": 0, ""heading_offset"": 0}",FALSE
88,"{""id"": 88, ""speed_factor"": 1.5, ""lateral_offset"": 0, ""heading_offset"": 0.8}",FALSE
89,"{""id"": 89, ""speed_factor"": 1.5, ""lateral_offset"": 0, ""heading_offset"": 1.5}",FALSE
90,"{""id"": 90, ""speed_factor"": 1.5, ""lateral_offset"": 5, ""heading_offset"": -1.5}",FALSE
91,"{""id"": 91, ""speed_factor"": 1.5, ""lateral_offset"": 5, ""heading_offset"": -0.8}",FALSE
92,"{""id"": 92, ""speed_factor"": 1.5, ""lateral_offset"": 5, ""heading_offset"": 0}",FALSE
93,"{""id"": 93, ""speed_factor"": 1.5, ""lateral_offset"": 5, ""heading_offset"": 0.8}",FALSE
94,"{""id"": 94, ""speed_factor"": 1.5, ""lateral_offset"": 5, ""heading_offset"": 1.5}",FALSE
95,"{""id"": 95, ""speed_factor"": 1.5, ""lateral_offset"": 10, ""heading_offset"": -1.5}",FALSE
96,"{""id"": 96, ""speed_factor"": 1.5, ""lateral_offset"": 10, ""heading_offset"": -0.8}",FALSE
97,"{""id"": 97, ""speed_factor"": 1.5, ""lateral_offset"": 10, ""heading_offset"": 0}",FALSE
98,"{""id"": 98, ""speed_factor"": 1.5, ""lateral_offset"": 10, ""heading_offset"": 0.8}",FALSE
99,"{""id"": 99, ""speed_factor"": 1.5, ""lateral_offset"": 10, ""heading_offset"": 1.5}",FALSE
100,"{""id"": 100, ""speed_factor"": 1.5, ""lateral_offset"": 15, ""heading_offset"": -1.5}",FALSE
101,"{""id"": 101, ""speed_factor"": 1.5, ""lateral_offset"": 15, ""heading_offset"": -0.8}",FALSE
102,"{""id"": 102, ""speed_factor"": 1.5, ""lateral_offset"": 15, ""heading_offset"": 0}",FALSE
103,"{""id"": 103, ""speed_factor"": 1.5, ""lateral_offset"": 15, ""heading_offset"": 0.8}",FALSE
104,"{""id"": 104, ""speed_factor"": 1.5, ""lateral_offset"": 15, ""heading_offset"": 1.5}",FALSE
